{
    "channel": "P-1",
    "precision": 0.14882506527415143,
    "recall": 0.06951219512195123,
    "f1_score": 0.09476309226932668,
    "roc_auc": 0.4665497249556483,
    "pr_auc": 0.09651001511280473,
    "tp": 57,
    "fp": 326,
    "tn": 7318,
    "fn": 763
}