{"loss": [0.018904175609350204, 0.012477805837988853, 0.01090521551668644, 0.009665783494710922, 0.008499832823872566, 0.0075300815515220165, 0.00678100623190403, 0.006199321243911982, 0.00574135035276413, 0.005422655958682299, 0.005202922970056534, 0.004971260204911232, 0.004774757660925388, 0.004630771931260824, 0.004506864584982395, 0.0043920413590967655, 0.00425615394487977, 0.004149165935814381, 0.004020198713988066, 0.003921587951481342, 0.0038510404992848635, 0.003803419414907694, 0.0037174539174884558, 0.0036528627388179302, 0.00357721745967865, 0.003497607773169875, 0.003442672546952963, 0.003370017744600773, 0.003310555126518011, 0.0032718435395509005, 0.003261334029957652, 0.00324043957516551, 0.0031908866949379444, 0.003186638467013836, 0.003164983354508877, 0.0031291977502405643, 0.003096355125308037, 0.0030678068287670612, 0.0030239259358495474, 0.002982628531754017, 0.0029686708003282547, 0.002938120858743787, 0.002889065770432353, 0.002901573898270726, 0.002911894815042615, 0.0028885742649435997, 0.0027940261643379927, 0.0026726657524704933, 0.0026187084149569273, 0.002588036935776472, 0.002563550602644682, 0.0025430088862776756, 0.0025243915151804686, 0.002507283352315426, 0.002492041327059269, 0.0024786191061139107, 0.002466313075274229, 0.0024550880771130323, 0.0024448104668408632, 0.0024232284631580114, 0.0024050623178482056, 0.0023894549813121557, 0.002377994591370225, 0.002368450863286853, 0.0023598517291247845, 0.002338696038350463, 0.0023298400919884443, 0.002323637716472149, 0.0023184989113360643, 0.0023139670956879854, 0.0023097479715943336, 0.0023057949729263783, 0.00230196095071733, 0.002288640243932605, 0.0022826853673905134, 0.0022799086291342974, 0.0022777323611080647, 0.002275660866871476, 0.002267198171466589, 0.002265079878270626, 0.0022641168907284737, 0.002263113623484969, 0.0022621380630880594, 0.002257847459986806, 0.0022566707339137793, 0.0022561063524335623, 0.0022556036710739136, 0.0022551086731255054, 0.002252576407045126, 0.0022519163321703672, 0.0022516772150993347, 0.0022514238953590393, 0.002251180587336421, 0.0022498727776110172, 0.0022496788296848536, 0.002249544719234109, 0.002249418292194605, 0.0022492900025099516, 0.0022486334200948477, 0.002248559147119522], "val_loss": [0.018162421882152557, 0.01530330441892147, 0.014108931645751, 0.012494474649429321, 0.01122011337429285, 0.01027682051062584, 0.009561702609062195, 0.009054359048604965, 0.008579635061323643, 0.008295638486742973, 0.008091770112514496, 0.007869244553148746, 0.007682228460907936, 0.007550535257905722, 0.00741003779694438, 0.007250194903463125, 0.007141299545764923, 0.0070279547944664955, 0.006875970866531134, 0.006835814565420151, 0.006770613137632608, 0.006733603775501251, 0.006685859523713589, 0.006545341573655605, 0.00643110740929842, 0.0063797724433243275, 0.006312074605375528, 0.0062311613000929356, 0.00619487976655364, 0.006147379521280527, 0.006131225265562534, 0.006115437485277653, 0.00611858069896698, 0.006020207889378071, 0.005986812058836222, 0.005908287595957518, 0.005938309244811535, 0.0059243557043373585, 0.005870435386896133, 0.0058342469856143, 0.005797593388706446, 0.005769673269242048, 0.005704494658857584, 0.00574085395783186, 0.005793003831058741, 0.005749061703681946, 0.00556449918076396, 0.005513771437108517, 0.005472457967698574, 0.005440389271825552, 0.005410690326243639, 0.005383818410336971, 0.005358241032809019, 0.005335724912583828, 0.005317007657140493, 0.005296024028211832, 0.005281166173517704, 0.005263236351311207, 0.005250969436019659, 0.005161563865840435, 0.005154482088983059, 0.005144926253706217, 0.00513710081577301, 0.005128759425133467, 0.00512164831161499, 0.005072698462754488, 0.005066378973424435, 0.00506024993956089, 0.005054887849837542, 0.005049959756433964, 0.005045308265835047, 0.0050408076494932175, 0.005036258138716221, 0.005011659115552902, 0.005009053274989128, 0.005006914492696524, 0.0050047701224684715, 0.005002293735742569, 0.0049996525049209595, 0.004999023862183094, 0.004997576586902142, 0.004996288567781448, 0.004994912073016167, 0.004988101311028004, 0.004987664055079222, 0.00498709362000227, 0.004986478481441736, 0.004985778126865625, 0.004984588362276554, 0.0049844104796648026, 0.004984081257134676, 0.004983761813491583, 0.004983494058251381, 0.004983585327863693, 0.0049833981320261955, 0.00498324865475297, 0.004983123857527971, 0.00498293898999691, 0.004983017686754465, 0.004982966464012861], "learning_rate": [0.0010000000474974513, 0.0010000000474974513, 0.0010000000474974513, 0.0010000000474974513, 0.0010000000474974513, 0.0010000000474974513, 0.0010000000474974513, 0.0010000000474974513, 0.0010000000474974513, 0.0010000000474974513, 0.0010000000474974513, 0.0010000000474974513, 0.0010000000474974513, 0.0010000000474974513, 0.0010000000474974513, 0.0010000000474974513, 0.0010000000474974513, 0.0010000000474974513, 0.0010000000474974513, 0.0010000000474974513, 0.0010000000474974513, 0.0010000000474974513, 0.0010000000474974513, 0.0010000000474974513, 0.0010000000474974513, 0.0010000000474974513, 0.0010000000474974513, 0.0010000000474974513, 0.0010000000474974513, 0.0010000000474974513, 0.0010000000474974513, 0.0010000000474974513, 0.0010000000474974513, 0.0010000000474974513, 0.0010000000474974513, 0.0010000000474974513, 0.0010000000474974513, 0.0010000000474974513, 0.0010000000474974513, 0.0010000000474974513, 0.0010000000474974513, 0.0010000000474974513, 0.0010000000474974513, 0.0010000000474974513, 0.0010000000474974513, 0.0010000000474974513, 0.0005000000237487257, 0.0005000000237487257, 0.0005000000237487257, 0.0005000000237487257, 0.0005000000237487257, 0.0005000000237487257, 0.0005000000237487257, 0.0005000000237487257, 0.0005000000237487257, 0.0005000000237487257, 0.0005000000237487257, 0.0005000000237487257, 0.0005000000237487257, 0.0002500000118743628, 0.0002500000118743628, 0.0002500000118743628, 0.0002500000118743628, 0.0002500000118743628, 0.0002500000118743628, 0.0001250000059371814, 0.0001250000059371814, 0.0001250000059371814, 0.0001250000059371814, 0.0001250000059371814, 0.0001250000059371814, 0.0001250000059371814, 0.0001250000059371814, 6.25000029685907e-05, 6.25000029685907e-05, 6.25000029685907e-05, 6.25000029685907e-05, 6.25000029685907e-05, 3.125000148429535e-05, 3.125000148429535e-05, 3.125000148429535e-05, 3.125000148429535e-05, 3.125000148429535e-05, 1.5625000742147677e-05, 1.5625000742147677e-05, 1.5625000742147677e-05, 1.5625000742147677e-05, 1.5625000742147677e-05, 7.812500371073838e-06, 7.812500371073838e-06, 7.812500371073838e-06, 7.812500371073838e-06, 7.812500371073838e-06, 3.906250185536919e-06, 3.906250185536919e-06, 3.906250185536919e-06, 3.906250185536919e-06, 3.906250185536919e-06, 1.9531250927684596e-06, 1.9531250927684596e-06]}